"","Time","Blank","WT","WT","WT","WT","ΔompC","ΔompC","ΔompC","ΔompC","ΔompF","ΔompF","ΔompF","ΔompF","envZ*L116P","envZ*L116P","envZ*L116P","envZ*L116P","envZ*L116P ΔompC","envZ*L116P ΔompC","envZ*L116P ΔompC","envZ*L116P ΔompC","envZ*L116P ΔompF","envZ*L116P ΔompF","envZ*L116P ΔompF","envZ*L116P ΔompF"
"1",NA,"",1,2,3,4,1,2,3,4,1,2,3,4,0,0,0,0,0,0,0,0,0,0,0,0
"2",NA,"",0,0,0,0,0,0,0,0,0,0,0,0,0,0,0,0,0,0,0,0,0,0,0,0
"3",0,"0",0.013,0.01,0.008,0.005,0.01,0.009,0.005,0.007,0.008,0.009,0.008,0.006,0.007,0.009,0.007,0.006,0.009,0.01,0.007,0.007,0.009,0.01,0.005,0.008
"4",1,"0",0.017,0.014,0.011,0.013,0.01,0.01,0.007,0.009,0.013,0.014,0.013,0.011,0.012,0.014,0.013,0.018,0.011,0.012,0.009,0.01,0.013,0.015,0.012,0.011
"5",2,"0",0.029,0.026,0.03,0.022,0.015,0.013,0.009,0.01,0.023,0.024,0.024,0.021,0.023,0.023,0.024,0.023,0.019,0.017,0.014,0.012,0.021,0.023,0.011,0.021
"6",3,"0",0.047,0.044,0.043,0.043,0.007,0.012,0.011,0.011,0.044,0.042,0.047,0.043,0.036,0.04,0.042,0.034,0.031,0.025,0.02,0.017,0.033,0.038,0.04,0.038
"7",4,"0",0.075,0.069,0.071,0.067,0.021,0.016,0.012,0.009,0.07,0.073,0.071,0.067,0.062,0.067,0.069,0.058,0.036,0.037,0.028,0.021,0.055,0.058,0.063,0.061
"8",5,"0",0.096,0.087,0.088,0.091,0.021,0.022,0.01,0.012,0.088,0.098,0.087,0.081,0.092,0.108,0.114,0.088,0.049,0.049,0.034,0.028,0.074,0.081,0.083,0.081
"9",6,"0",0.12,0.104,0.102,0.108,0.025,0.024,0.011,0.01,0.109,0.13,0.104,0.099,0.141,0.159,0.154,0.112,0.063,0.061,0.046,0.034,0.092,0.1,0.087,0.097
"10",7,"0",0.127,0.105,0.099,0.109,0.026,0.023,0.011,0.01,0.123,0.129,0.098,0.1,0.164,0.193,0.18,0.133,0.069,0.072,0.043,0.032,0.111,0.125,0.122,0.117
"11",8,"0",0.128,0.101,0.098,0.108,0.023,0.018,0.011,0.008,0.113,0.139,0.093,0.097,0.179,0.213,0.187,0.139,0.082,0.084,0.034,0.033,0.126,0.136,0.131,0.136
"12",9,"0",0.127,0.088,0.089,0.1,0.023,0.017,0.013,0.011,0.116,0.125,0.089,0.092,0.191,0.213,0.193,0.146,0.078,0.076,0.047,0.036,0.143,0.156,0.156,0.15
"13",10,"0",0.115,0.084,0.082,0.09,0.019,0.01,-0.001,-0.002,0.101,0.127,0.068,0.082,0.194,0.222,0.181,0.142,0.085,0.082,0.033,0.023,0.163,0.161,0.156,0.157
"14",11,"0",0.109,0.083,0.071,0.084,0.016,0.012,0.014,0.011,0.104,0.125,0.073,0.078,0.203,0.236,0.203,0.142,0.085,0.072,0.044,0.037,0.159,0.175,0.169,0.168
"15",12,"0",0.084,0.078,0.065,0.068,0.021,0.002,0.007,0.007,0.093,0.117,0.06,0.071,0.195,0.23,0.198,0.134,0.088,0.071,0.042,0.031,0.166,0.178,0.172,0.164
